<?xml version="1.0" encoding="UTF-8"?>
<project-private xmlns="http://www.netbeans.org/ns/project-private/1">
    <editor-bookmarks xmlns="http://www.netbeans.org/ns/editor-bookmarks/2" lastBookmarkId="0"/>
    <open-files xmlns="http://www.netbeans.org/ns/projectui-open-files/2">
        <group>
            <file>file:/C:/Users/guest_admin/Downloads/coe528project/src/coe528project/Platinum.java</file>
            <file>file:/C:/Users/guest_admin/Downloads/coe528project/src/coe528project/Customer.java</file>
            <file>file:/C:/Users/guest_admin/Downloads/coe528project/src/coe528project/Manager.java</file>
            <file>file:/C:/Users/guest_admin/Downloads/coe528project/src/coe528project/Account.java</file>
            <file>file:/C:/Users/guest_admin/Downloads/coe528project/src/coe528project/Level.java</file>
            <file>file:/C:/Users/guest_admin/Downloads/coe528project/src/coe528project/Silver.java</file>
            <file>file:/C:/Users/guest_admin/Downloads/coe528project/src/coe528project/UserInterface.java</file>
            <file>file:/C:/Users/guest_admin/Downloads/coe528project/src/coe528project/Profile.java</file>
            <file>file:/C:/Users/guest_admin/Downloads/coe528project/src/coe528project/Gold.java</file>
        </group>
    </open-files>
</project-private>
