<?xml version="1.0" encoding="UTF-8"?>
<?xml-stylesheet href="qry_6.xslt" type="text/xsl" ?>
<document>

<qry_6>
<Product_ID>1</Product_ID>
<Product_Name>Greenlights</Product_Name>
<Warehouse_Offering>Yes</Warehouse_Offering>
</qry_6>
<qry_6>
<Product_ID>4</Product_ID>
<Product_Name>SAMSUNG 27-inch M5 Smart Monitor</Product_Name>
<Warehouse_Offering>Yes</Warehouse_Offering>
</qry_6>
<qry_6>
<Product_ID>7</Product_ID>
<Product_Name>Flannel Shirt</Product_Name>
<Warehouse_Offering>Yes</Warehouse_Offering>
</qry_6>
<qry_6>
<Product_ID>8</Product_ID>
<Product_Name>Golf Balls</Product_Name>
<Warehouse_Offering>Yes</Warehouse_Offering>
</qry_6>
</document>
