<?xml version="1.0" encoding="UTF-8"?>
<!-- IMPORTANT: This is an internal file that has been generated
     by the Xilinx ISE software.  Any direct editing or
     changes made to this file may result in unpredictable
     behavior or data corruption.  It is strongly advised that
     users do not edit the contents of this file. -->
<DeviceUsageSummary rev="146">
<DesignStatistics TimeStamp="Tue Nov 26 16:05:10 2019"><group name="NetStatistics">
<item name="NumNets_Active" rev="146">
<attrib name="value" value="996"/></item>
<item name="NumNets_Gnd" rev="146">
<attrib name="value" value="1"/></item>
<item name="NumNets_Vcc" rev="146">
<attrib name="value" value="1"/></item>
<item name="NumNodesOfType_Active_BRAMADDR" rev="146">
<attrib name="value" value="46"/></item>
<item name="NumNodesOfType_Active_BRAMDUMMY" rev="146">
<attrib name="value" value="39"/></item>
<item name="NumNodesOfType_Active_CLKPIN" rev="146">
<attrib name="value" value="247"/></item>
<item name="NumNodesOfType_Active_CNTRLPIN" rev="146">
<attrib name="value" value="226"/></item>
<item name="NumNodesOfType_Active_DOUBLE" rev="146">
<attrib name="value" value="1856"/></item>
<item name="NumNodesOfType_Active_DUMMY" rev="146">
<attrib name="value" value="2198"/></item>
<item name="NumNodesOfType_Active_DUMMYBANK" rev="146">
<attrib name="value" value="40"/></item>
<item name="NumNodesOfType_Active_DUMMYESC" rev="146">
<attrib name="value" value="5"/></item>
<item name="NumNodesOfType_Active_GLOBAL" rev="146">
<attrib name="value" value="115"/></item>
<item name="NumNodesOfType_Active_HFULLHEX" rev="146">
<attrib name="value" value="23"/></item>
<item name="NumNodesOfType_Active_HLONG" rev="146">
<attrib name="value" value="5"/></item>
<item name="NumNodesOfType_Active_HUNIHEX" rev="146">
<attrib name="value" value="127"/></item>
<item name="NumNodesOfType_Active_INPUT" rev="146">
<attrib name="value" value="2724"/></item>
<item name="NumNodesOfType_Active_IOBOUTPUT" rev="146">
<attrib name="value" value="5"/></item>
<item name="NumNodesOfType_Active_OMUX" rev="146">
<attrib name="value" value="933"/></item>
<item name="NumNodesOfType_Active_OUTPUT" rev="146">
<attrib name="value" value="968"/></item>
<item name="NumNodesOfType_Active_PREBXBY" rev="146">
<attrib name="value" value="772"/></item>
<item name="NumNodesOfType_Active_VFULLHEX" rev="146">
<attrib name="value" value="66"/></item>
<item name="NumNodesOfType_Active_VLONG" rev="146">
<attrib name="value" value="9"/></item>
<item name="NumNodesOfType_Active_VUNIHEX" rev="146">
<attrib name="value" value="108"/></item>
<item name="NumNodesOfType_Vcc_BRAMDUMMY" rev="146">
<attrib name="value" value="2"/></item>
<item name="NumNodesOfType_Vcc_CNTRLPIN" rev="146">
<attrib name="value" value="19"/></item>
<item name="NumNodesOfType_Vcc_DUMMY" rev="146">
<attrib name="value" value="133"/></item>
<item name="NumNodesOfType_Vcc_INPUT" rev="146">
<attrib name="value" value="176"/></item>
<item name="NumNodesOfType_Vcc_PREBXBY" rev="146">
<attrib name="value" value="41"/></item>
<item name="NumNodesOfType_Vcc_VCCOUT" rev="146">
<attrib name="value" value="60"/></item>
</group>
<group name="SiteStatistics">
<item name="IBUF-DIFFM" rev="146">
<attrib name="value" value="1"/></item>
<item name="IOB-DIFFM" rev="146">
<attrib name="value" value="14"/></item>
<item name="IOB-DIFFS" rev="146">
<attrib name="value" value="13"/></item>
<item name="SLICEL-SLICEM" rev="146">
<attrib name="value" value="193"/></item>
</group>
<group name="MiscellaneousStatistics">
<item name="AGG_BONDED_IO" rev="145">
<attrib name="value" value="32"/></item>
<item name="AGG_IO" rev="145">
<attrib name="value" value="32"/></item>
<item name="AGG_SLICE" rev="145">
<attrib name="value" value="538"/></item>
<item name="NUM_4_INPUT_LUT" rev="145">
<attrib name="value" value="802"/></item>
<item name="NUM_BONDED_IBUF" rev="145">
<attrib name="value" value="5"/></item>
<item name="NUM_BONDED_IOB" rev="145">
<attrib name="value" value="27"/></item>
<item name="NUM_BSCAN" rev="145">
<attrib name="value" value="1"/></item>
<item name="NUM_BUFGMUX" rev="145">
<attrib name="value" value="3"/></item>
<item name="NUM_CARRY_SKIP" rev="145">
<attrib name="value" value="3"/></item>
<item name="NUM_CYMUX" rev="145">
<attrib name="value" value="313"/></item>
<item name="NUM_LUT_RT" rev="145">
<attrib name="value" value="84"/></item>
<item name="NUM_RAMB16" rev="145">
<attrib name="value" value="2"/></item>
<item name="NUM_RPM" rev="145">
<attrib name="value" value="12"/></item>
<item name="NUM_SHIFT" rev="145">
<attrib name="value" value="85"/></item>
<item name="NUM_SLICEL" rev="145">
<attrib name="value" value="489"/></item>
<item name="NUM_SLICEM" rev="145">
<attrib name="value" value="49"/></item>
<item name="NUM_SLICE_FF" rev="145">
<attrib name="value" value="321"/></item>
<item name="NUM_SLICE_LATCH" rev="145">
<attrib name="value" value="1"/></item>
<item name="NUM_XOR" rev="145">
<attrib name="value" value="173"/></item>
<item name="Xilinx Core chipscope_icon_v1_06_a, Xilinx CORE Generator 13.4" rev="145">
<attrib name="value" value="1"/></item>
<item name="Xilinx Core chipscope_ila_v1_05_a, Xilinx CORE Generator 13.4" rev="145">
<attrib name="value" value="1"/></item>
</group>
</DesignStatistics>
<DeviceUsage TimeStamp="Tue Nov 26 16:05:10 2019"><group name="SiteSummary">
<item name="BSCAN" rev="146">
<attrib name="total" value="1000000"/><attrib name="used" value="1"/></item>
<item name="BSCAN_BSCAN_BLACKBOX" rev="146">
<attrib name="total" value="1000000"/><attrib name="used" value="1"/></item>
<item name="BUFGMUX" rev="146">
<attrib name="total" value="1000000"/><attrib name="used" value="3"/></item>
<item name="BUFGMUX_GCLKMUX" rev="146">
<attrib name="total" value="1000000"/><attrib name="used" value="3"/></item>
<item name="BUFGMUX_GCLK_BUFFER" rev="146">
<attrib name="total" value="1000000"/><attrib name="used" value="3"/></item>
<item name="IBUF" rev="146">
<attrib name="total" value="1000000"/><attrib name="used" value="5"/></item>
<item name="IBUF_INBUF" rev="146">
<attrib name="total" value="1000000"/><attrib name="used" value="5"/></item>
<item name="IBUF_PAD" rev="146">
<attrib name="total" value="1000000"/><attrib name="used" value="5"/></item>
<item name="IOB" rev="146">
<attrib name="total" value="1000000"/><attrib name="used" value="27"/></item>
<item name="IOB_OUTBUF" rev="146">
<attrib name="total" value="1000000"/><attrib name="used" value="27"/></item>
<item name="IOB_PAD" rev="146">
<attrib name="total" value="1000000"/><attrib name="used" value="27"/></item>
<item name="RAMB16" rev="146">
<attrib name="total" value="1000000"/><attrib name="used" value="2"/></item>
<item name="RAMB16_RAMB16" rev="146">
<attrib name="total" value="1000000"/><attrib name="used" value="2"/></item>
<item name="RAMB16_RAMB16A" rev="146">
<attrib name="total" value="1000000"/><attrib name="used" value="2"/></item>
<item name="RAMB16_RAMB16B" rev="146">
<attrib name="total" value="1000000"/><attrib name="used" value="2"/></item>
<item name="SLICEL" rev="146">
<attrib name="total" value="1000000"/><attrib name="used" value="489"/></item>
<item name="SLICEL_C1VDD" rev="146">
<attrib name="total" value="1000000"/><attrib name="used" value="23"/></item>
<item name="SLICEL_C2VDD" rev="146">
<attrib name="total" value="1000000"/><attrib name="used" value="27"/></item>
<item name="SLICEL_CYMUXF" rev="146">
<attrib name="total" value="1000000"/><attrib name="used" value="156"/></item>
<item name="SLICEL_CYMUXG" rev="146">
<attrib name="total" value="1000000"/><attrib name="used" value="143"/></item>
<item name="SLICEL_F" rev="146">
<attrib name="total" value="1000000"/><attrib name="used" value="360"/></item>
<item name="SLICEL_F5MUX" rev="146">
<attrib name="total" value="1000000"/><attrib name="used" value="23"/></item>
<item name="SLICEL_F6MUX" rev="146">
<attrib name="total" value="1000000"/><attrib name="used" value="3"/></item>
<item name="SLICEL_FFX" rev="146">
<attrib name="total" value="1000000"/><attrib name="used" value="111"/></item>
<item name="SLICEL_FFY" rev="146">
<attrib name="total" value="1000000"/><attrib name="used" value="174"/></item>
<item name="SLICEL_G" rev="146">
<attrib name="total" value="1000000"/><attrib name="used" value="352"/></item>
<item name="SLICEL_GNDF" rev="146">
<attrib name="total" value="1000000"/><attrib name="used" value="56"/></item>
<item name="SLICEL_GNDG" rev="146">
<attrib name="total" value="1000000"/><attrib name="used" value="49"/></item>
<item name="SLICEL_XORF" rev="146">
<attrib name="total" value="1000000"/><attrib name="used" value="90"/></item>
<item name="SLICEL_XORG" rev="146">
<attrib name="total" value="1000000"/><attrib name="used" value="79"/></item>
<item name="SLICEM" rev="146">
<attrib name="total" value="1000000"/><attrib name="used" value="49"/></item>
<item name="SLICEM_CYMUXF" rev="146">
<attrib name="total" value="1000000"/><attrib name="used" value="7"/></item>
<item name="SLICEM_CYMUXG" rev="146">
<attrib name="total" value="1000000"/><attrib name="used" value="7"/></item>
<item name="SLICEM_F" rev="146">
<attrib name="total" value="1000000"/><attrib name="used" value="45"/></item>
<item name="SLICEM_F5MUX" rev="146">
<attrib name="total" value="1000000"/><attrib name="used" value="17"/></item>
<item name="SLICEM_F6MUX" rev="146">
<attrib name="total" value="1000000"/><attrib name="used" value="6"/></item>
<item name="SLICEM_FFX" rev="146">
<attrib name="total" value="1000000"/><attrib name="used" value="20"/></item>
<item name="SLICEM_FFY" rev="146">
<attrib name="total" value="1000000"/><attrib name="used" value="17"/></item>
<item name="SLICEM_FMC15_BLACKBOX" rev="146">
<attrib name="total" value="1000000"/><attrib name="used" value="22"/></item>
<item name="SLICEM_G" rev="146">
<attrib name="total" value="1000000"/><attrib name="used" value="45"/></item>
<item name="SLICEM_GMC15_BLACKBOX" rev="146">
<attrib name="total" value="1000000"/><attrib name="used" value="27"/></item>
<item name="SLICEM_GNDF" rev="146">
<attrib name="total" value="1000000"/><attrib name="used" value="7"/></item>
<item name="SLICEM_GNDG" rev="146">
<attrib name="total" value="1000000"/><attrib name="used" value="4"/></item>
<item name="SLICEM_VDDG" rev="146">
<attrib name="total" value="1000000"/><attrib name="used" value="3"/></item>
<item name="SLICEM_WSGEN" rev="146">
<attrib name="total" value="1000000"/><attrib name="used" value="44"/></item>
<item name="SLICEM_XORF" rev="146">
<attrib name="total" value="1000000"/><attrib name="used" value="4"/></item>
<item name="SLICEM_YBUSED" rev="146">
<attrib name="total" value="1000000"/><attrib name="used" value="3"/></item>
</group>
</DeviceUsage>
<ReportConfigData TimeStamp="Tue Nov 26 16:05:10 2019"><group name="SLICEL_CYMUXF">
<item name="0" rev="146">
<attrib name="0" value="156"/><attrib name="0_INV" value="0"/></item>
<item name="1" rev="146">
<attrib name="1_INV" value="2"/><attrib name="1" value="154"/></item>
</group>
<group name="SLICEL_CYMUXG">
<item name="0" rev="146">
<attrib name="0" value="143"/><attrib name="0_INV" value="0"/></item>
</group>
<group name="IBUF_PAD">
<item name="IOATTRBOX" rev="146">
<attrib name="LVCMOS25" value="5"/></item>
</group>
<group name="SLICEM_F">
<item name="DI" rev="146">
<attrib name="DI" value="41"/><attrib name="DI_INV" value="0"/></item>
<item name="F_ATTR" rev="146">
<attrib name="SHIFT_REG" value="41"/></item>
<item name="LUT_OR_MEM" rev="146">
<attrib name="LUT" value="4"/><attrib name="RAM" value="41"/></item>
</group>
<group name="SLICEM_G">
<item name="DI" rev="146">
<attrib name="DI" value="44"/><attrib name="DI_INV" value="0"/></item>
<item name="G_ATTR" rev="146">
<attrib name="SHIFT_REG" value="44"/></item>
<item name="LUT_OR_MEM" rev="146">
<attrib name="LUT" value="1"/><attrib name="RAM" value="44"/></item>
</group>
<group name="SLICEM_F6MUX">
<item name="S0" rev="146">
<attrib name="S0" value="6"/><attrib name="S0_INV" value="0"/></item>
</group>
<group name="SLICEL">
<item name="BX" rev="146">
<attrib name="BX_INV" value="2"/><attrib name="BX" value="104"/></item>
<item name="BY" rev="146">
<attrib name="BY" value="117"/><attrib name="BY_INV" value="3"/></item>
<item name="CE" rev="146">
<attrib name="CE" value="78"/><attrib name="CE_INV" value="0"/></item>
<item name="CIN" rev="146">
<attrib name="CIN_INV" value="0"/><attrib name="CIN" value="132"/></item>
<item name="CLK" rev="146">
<attrib name="CLK" value="193"/><attrib name="CLK_INV" value="1"/></item>
<item name="SR" rev="146">
<attrib name="SR" value="94"/><attrib name="SR_INV" value="19"/></item>
</group>
<group name="SLICEM">
<item name="BX" rev="146">
<attrib name="BX_INV" value="0"/><attrib name="BX" value="38"/></item>
<item name="BY" rev="146">
<attrib name="BY" value="40"/><attrib name="BY_INV" value="0"/></item>
<item name="CE" rev="146">
<attrib name="CE" value="3"/><attrib name="CE_INV" value="0"/></item>
<item name="CIN" rev="146">
<attrib name="CIN_INV" value="0"/><attrib name="CIN" value="7"/></item>
<item name="CLK" rev="146">
<attrib name="CLK" value="49"/><attrib name="CLK_INV" value="0"/></item>
<item name="SHIFTIN" rev="146">
<attrib name="SHIFTIN_INV" value="0"/><attrib name="SHIFTIN" value="10"/></item>
<item name="SR" rev="146">
<attrib name="SR" value="48"/><attrib name="SR_INV" value="0"/></item>
</group>
<group name="SLICEL_F6MUX">
<item name="S0" rev="146">
<attrib name="S0" value="3"/><attrib name="S0_INV" value="0"/></item>
</group>
<group name="RAMB16">
<item name="CLKA" rev="146">
<attrib name="CLKA_INV" value="0"/><attrib name="CLKA" value="2"/></item>
<item name="CLKB" rev="146">
<attrib name="CLKB_INV" value="0"/><attrib name="CLKB" value="2"/></item>
<item name="ENA" rev="146">
<attrib name="ENA_INV" value="0"/><attrib name="ENA" value="2"/></item>
<item name="ENB" rev="146">
<attrib name="ENB_INV" value="0"/><attrib name="ENB" value="2"/></item>
<item name="SSRA" rev="146">
<attrib name="SSRA_INV" value="0"/><attrib name="SSRA" value="2"/></item>
<item name="SSRB" rev="146">
<attrib name="SSRB_INV" value="0"/><attrib name="SSRB" value="2"/></item>
<item name="WEA" rev="146">
<attrib name="WEA" value="2"/><attrib name="WEA_INV" value="0"/></item>
<item name="WEB" rev="146">
<attrib name="WEB" value="2"/><attrib name="WEB_INV" value="0"/></item>
</group>
<group name="IOB_OFF1">
<item name="CK" rev="40">
<attrib name="CK" value="0"/><attrib name="CK_INV" value="24"/></item>
<item name="D" rev="40">
<attrib name="D" value="24"/><attrib name="D_INV" value="0"/></item>
<item name="LATCH_OR_FF" rev="40">
<attrib name="LATCH" value="24"/></item>
<item name="OFF1_INIT_ATTR" rev="40">
<attrib name="INIT0" value="24"/></item>
<item name="OFF1_SR_ATTR" rev="40">
<attrib name="SRLOW" value="24"/></item>
<item name="OFFATTRBOX" rev="40">
<attrib name="ASYNC" value="24"/></item>
<item name="REV" rev="40">
<attrib name="REV_INV" value="0"/><attrib name="REV" value="24"/></item>
<item name="SR" rev="40">
<attrib name="SR" value="24"/><attrib name="SR_INV" value="0"/></item>
</group>
<group name="IOB_OUTBUF">
<item name="IN" rev="146">
<attrib name="IN_INV" value="0"/><attrib name="IN" value="27"/></item>
</group>
<group name="RAMB16_RAMB16A">
<item name="CLKA" rev="146">
<attrib name="CLKA_INV" value="0"/><attrib name="CLKA" value="2"/></item>
<item name="ENA" rev="146">
<attrib name="ENA_INV" value="0"/><attrib name="ENA" value="2"/></item>
<item name="PORTA_ATTR" rev="146">
<attrib name="16384X1" value="2"/></item>
<item name="SSRA" rev="146">
<attrib name="SSRA_INV" value="0"/><attrib name="SSRA" value="2"/></item>
<item name="WEA" rev="146">
<attrib name="WEA" value="2"/><attrib name="WEA_INV" value="0"/></item>
<item name="WRITEMODEA" rev="146">
<attrib name="WRITE_FIRST" value="2"/></item>
</group>
<group name="RAMB16_RAMB16B">
<item name="CLKB" rev="146">
<attrib name="CLKB_INV" value="0"/><attrib name="CLKB" value="2"/></item>
<item name="ENB" rev="146">
<attrib name="ENB_INV" value="0"/><attrib name="ENB" value="2"/></item>
<item name="PORTB_ATTR" rev="146">
<attrib name="512X36" value="2"/></item>
<item name="SSRB" rev="146">
<attrib name="SSRB_INV" value="0"/><attrib name="SSRB" value="2"/></item>
<item name="WEB" rev="146">
<attrib name="WEB" value="2"/><attrib name="WEB_INV" value="0"/></item>
<item name="WRITEMODEB" rev="146">
<attrib name="WRITE_FIRST" value="2"/></item>
</group>
<group name="SLICEM_F5MUX">
<item name="S0" rev="146">
<attrib name="S0" value="17"/><attrib name="S0_INV" value="0"/></item>
</group>
<group name="SLICEL_FFX">
<item name="CE" rev="146">
<attrib name="CE" value="64"/><attrib name="CE_INV" value="0"/></item>
<item name="CK" rev="146">
<attrib name="CK" value="111"/><attrib name="CK_INV" value="0"/></item>
<item name="D" rev="146">
<attrib name="D" value="111"/><attrib name="D_INV" value="0"/></item>
<item name="FFX_INIT_ATTR" rev="146">
<attrib name="INIT0" value="91"/><attrib name="INIT1" value="20"/></item>
<item name="FFX_SR_ATTR" rev="146">
<attrib name="SRLOW" value="106"/><attrib name="SRHIGH" value="5"/></item>
<item name="LATCH_OR_FF" rev="146">
<attrib name="FF" value="111"/></item>
<item name="REV" rev="146">
<attrib name="REV_INV" value="0"/><attrib name="REV" value="4"/></item>
<item name="SR" rev="146">
<attrib name="SR" value="53"/><attrib name="SR_INV" value="16"/></item>
<item name="SYNC_ATTR" rev="146">
<attrib name="ASYNC" value="51"/><attrib name="SYNC" value="60"/></item>
</group>
<group name="SLICEL_XORF">
<item name="1" rev="146">
<attrib name="1_INV" value="2"/><attrib name="1" value="88"/></item>
</group>
<group name="SLICEL_FFY">
<item name="CE" rev="146">
<attrib name="CE" value="65"/><attrib name="CE_INV" value="0"/></item>
<item name="CK" rev="146">
<attrib name="CK" value="173"/><attrib name="CK_INV" value="1"/></item>
<item name="D" rev="146">
<attrib name="D" value="171"/><attrib name="D_INV" value="3"/></item>
<item name="FFY_INIT_ATTR" rev="146">
<attrib name="INIT0" value="128"/><attrib name="INIT1" value="46"/></item>
<item name="FFY_SR_ATTR" rev="146">
<attrib name="SRLOW" value="163"/><attrib name="SRHIGH" value="11"/></item>
<item name="LATCH_OR_FF" rev="146">
<attrib name="FF" value="173"/><attrib name="LATCH" value="1"/></item>
<item name="REV" rev="146">
<attrib name="REV_INV" value="0"/><attrib name="REV" value="1"/></item>
<item name="SR" rev="146">
<attrib name="SR" value="86"/><attrib name="SR_INV" value="19"/></item>
<item name="SYNC_ATTR" rev="146">
<attrib name="ASYNC" value="90"/><attrib name="SYNC" value="84"/></item>
</group>
<group name="BUFGMUX_GCLKMUX">
<item name="DISABLE_ATTR" rev="146">
<attrib name="LOW" value="3"/></item>
<item name="S" rev="146">
<attrib name="S_INV" value="3"/><attrib name="S" value="0"/></item>
</group>
<group name="SLICEL_F5MUX">
<item name="S0" rev="146">
<attrib name="S0" value="23"/><attrib name="S0_INV" value="0"/></item>
</group>
<group name="SLICEM_XORF">
<item name="1" rev="146">
<attrib name="1_INV" value="0"/><attrib name="1" value="4"/></item>
</group>
<group name="SLICEM_WSGEN">
<item name="CK" rev="146">
<attrib name="CK" value="44"/><attrib name="CK_INV" value="0"/></item>
<item name="SYNC_ATTR" rev="146">
<attrib name="ASYNC" value="16"/></item>
<item name="WE" rev="146">
<attrib name="WE_INV" value="0"/><attrib name="WE" value="44"/></item>
</group>
<group name="SLICEM_FFX">
<item name="CE" rev="146">
<attrib name="CE" value="3"/><attrib name="CE_INV" value="0"/></item>
<item name="CK" rev="146">
<attrib name="CK" value="20"/><attrib name="CK_INV" value="0"/></item>
<item name="D" rev="146">
<attrib name="D" value="20"/><attrib name="D_INV" value="0"/></item>
<item name="FFX_INIT_ATTR" rev="146">
<attrib name="INIT0" value="19"/><attrib name="INIT1" value="1"/></item>
<item name="FFX_SR_ATTR" rev="146">
<attrib name="SRLOW" value="19"/><attrib name="SRHIGH" value="1"/></item>
<item name="LATCH_OR_FF" rev="146">
<attrib name="FF" value="20"/></item>
<item name="SR" rev="146">
<attrib name="SR" value="4"/><attrib name="SR_INV" value="0"/></item>
<item name="SYNC_ATTR" rev="146">
<attrib name="ASYNC" value="16"/><attrib name="SYNC" value="4"/></item>
</group>
<group name="SLICEM_FFY">
<item name="CK" rev="146">
<attrib name="CK" value="17"/><attrib name="CK_INV" value="0"/></item>
<item name="D" rev="146">
<attrib name="D" value="17"/><attrib name="D_INV" value="0"/></item>
<item name="FFY_INIT_ATTR" rev="146">
<attrib name="INIT0" value="17"/></item>
<item name="FFY_SR_ATTR" rev="146">
<attrib name="SRLOW" value="17"/></item>
<item name="LATCH_OR_FF" rev="146">
<attrib name="FF" value="17"/></item>
<item name="SYNC_ATTR" rev="146">
<attrib name="ASYNC" value="16"/><attrib name="SYNC" value="1"/></item>
</group>
<group name="IOB_PAD">
<item name="DRIVEATTRBOX" rev="146">
<attrib name="12" value="27"/></item>
<item name="IOATTRBOX" rev="146">
<attrib name="LVCMOS25" value="27"/></item>
<item name="SLEW" rev="146">
<attrib name="SLOW" value="27"/></item>
</group>
<group name="SLICEM_CYMUXF">
<item name="0" rev="146">
<attrib name="0" value="7"/><attrib name="0_INV" value="0"/></item>
<item name="1" rev="146">
<attrib name="1_INV" value="0"/><attrib name="1" value="7"/></item>
</group>
<group name="SLICEM_CYMUXG">
<item name="0" rev="146">
<attrib name="0" value="4"/><attrib name="0_INV" value="0"/></item>
</group>
<group name="IOB">
<item name="O1" rev="146">
<attrib name="O1_INV" value="0"/><attrib name="O1" value="27"/></item>
</group>
<group name="BUFGMUX">
<item name="S" rev="146">
<attrib name="S_INV" value="3"/><attrib name="S" value="0"/></item>
</group>
</ReportConfigData>
<ReportPinData TimeStamp="Tue Nov 26 16:05:10 2019"><group name="SLICEL_CYMUXF">
<item name="0" rev="146">
<attrib name="value" value="156"/></item>
<item name="1" rev="146">
<attrib name="value" value="156"/></item>
<item name="OUT" rev="146">
<attrib name="value" value="156"/></item>
<item name="S0" rev="146">
<attrib name="value" value="156"/></item>
</group>
<group name="SLICEL_CYMUXG">
<item name="0" rev="146">
<attrib name="value" value="143"/></item>
<item name="1" rev="146">
<attrib name="value" value="143"/></item>
<item name="OUT" rev="146">
<attrib name="value" value="143"/></item>
<item name="S0" rev="146">
<attrib name="value" value="143"/></item>
</group>
<group name="SLICEM_FMC15_BLACKBOX">
<item name="MC15" rev="146">
<attrib name="value" value="22"/></item>
<item name="WS2" rev="146">
<attrib name="value" value="22"/></item>
</group>
<group name="IBUF_PAD">
<item name="PAD" rev="146">
<attrib name="value" value="5"/></item>
</group>
<group name="IBUF_INBUF">
<item name="IN" rev="146">
<attrib name="value" value="5"/></item>
<item name="OUT" rev="146">
<attrib name="value" value="5"/></item>
</group>
<group name="SLICEM_F">
<item name="A1" rev="146">
<attrib name="value" value="41"/></item>
<item name="A2" rev="146">
<attrib name="value" value="41"/></item>
<item name="A3" rev="146">
<attrib name="value" value="41"/></item>
<item name="A4" rev="146">
<attrib name="value" value="41"/></item>
<item name="D" rev="146">
<attrib name="value" value="45"/></item>
<item name="DI" rev="146">
<attrib name="value" value="41"/></item>
<item name="WS" rev="146">
<attrib name="value" value="41"/></item>
</group>
<group name="SLICEM_G">
<item name="A1" rev="146">
<attrib name="value" value="45"/></item>
<item name="A2" rev="146">
<attrib name="value" value="45"/></item>
<item name="A3" rev="146">
<attrib name="value" value="45"/></item>
<item name="A4" rev="146">
<attrib name="value" value="44"/></item>
<item name="D" rev="146">
<attrib name="value" value="42"/></item>
<item name="DI" rev="146">
<attrib name="value" value="44"/></item>
<item name="WS" rev="146">
<attrib name="value" value="44"/></item>
</group>
<group name="BUFGMUX_GCLK_BUFFER">
<item name="IN" rev="146">
<attrib name="value" value="3"/></item>
<item name="OUT" rev="146">
<attrib name="value" value="3"/></item>
</group>
<group name="SLICEM_F6MUX">
<item name="0" rev="146">
<attrib name="value" value="6"/></item>
<item name="1" rev="146">
<attrib name="value" value="6"/></item>
<item name="OUT" rev="146">
<attrib name="value" value="6"/></item>
<item name="S0" rev="146">
<attrib name="value" value="6"/></item>
</group>
<group name="SLICEL">
<item name="BX" rev="146">
<attrib name="value" value="106"/></item>
<item name="BY" rev="146">
<attrib name="value" value="120"/></item>
<item name="CE" rev="146">
<attrib name="value" value="78"/></item>
<item name="CIN" rev="146">
<attrib name="value" value="132"/></item>
<item name="CLK" rev="146">
<attrib name="value" value="194"/></item>
<item name="COUT" rev="146">
<attrib name="value" value="143"/></item>
<item name="F1" rev="146">
<attrib name="value" value="358"/></item>
<item name="F2" rev="146">
<attrib name="value" value="304"/></item>
<item name="F3" rev="146">
<attrib name="value" value="203"/></item>
<item name="F4" rev="146">
<attrib name="value" value="147"/></item>
<item name="F5" rev="146">
<attrib name="value" value="6"/></item>
<item name="FXINA" rev="146">
<attrib name="value" value="3"/></item>
<item name="FXINB" rev="146">
<attrib name="value" value="3"/></item>
<item name="G1" rev="146">
<attrib name="value" value="351"/></item>
<item name="G2" rev="146">
<attrib name="value" value="297"/></item>
<item name="G3" rev="146">
<attrib name="value" value="198"/></item>
<item name="G4" rev="146">
<attrib name="value" value="151"/></item>
<item name="SR" rev="146">
<attrib name="value" value="113"/></item>
<item name="X" rev="146">
<attrib name="value" value="212"/></item>
<item name="XB" rev="146">
<attrib name="value" value="6"/></item>
<item name="XQ" rev="146">
<attrib name="value" value="111"/></item>
<item name="Y" rev="146">
<attrib name="value" value="200"/></item>
<item name="YQ" rev="146">
<attrib name="value" value="174"/></item>
</group>
<group name="SLICEM">
<item name="BX" rev="146">
<attrib name="value" value="38"/></item>
<item name="BY" rev="146">
<attrib name="value" value="40"/></item>
<item name="CE" rev="146">
<attrib name="value" value="3"/></item>
<item name="CIN" rev="146">
<attrib name="value" value="7"/></item>
<item name="CLK" rev="146">
<attrib name="value" value="49"/></item>
<item name="COUT" rev="146">
<attrib name="value" value="7"/></item>
<item name="F1" rev="146">
<attrib name="value" value="41"/></item>
<item name="F2" rev="146">
<attrib name="value" value="41"/></item>
<item name="F3" rev="146">
<attrib name="value" value="41"/></item>
<item name="F4" rev="146">
<attrib name="value" value="41"/></item>
<item name="F5" rev="146">
<attrib name="value" value="12"/></item>
<item name="FXINA" rev="146">
<attrib name="value" value="6"/></item>
<item name="FXINB" rev="146">
<attrib name="value" value="6"/></item>
<item name="G1" rev="146">
<attrib name="value" value="45"/></item>
<item name="G2" rev="146">
<attrib name="value" value="45"/></item>
<item name="G3" rev="146">
<attrib name="value" value="45"/></item>
<item name="G4" rev="146">
<attrib name="value" value="44"/></item>
<item name="SHIFTIN" rev="146">
<attrib name="value" value="10"/></item>
<item name="SHIFTOUT" rev="146">
<attrib name="value" value="10"/></item>
<item name="SR" rev="146">
<attrib name="value" value="48"/></item>
<item name="X" rev="146">
<attrib name="value" value="6"/></item>
<item name="XB" rev="146">
<attrib name="value" value="12"/></item>
<item name="XQ" rev="146">
<attrib name="value" value="20"/></item>
<item name="Y" rev="146">
<attrib name="value" value="10"/></item>
<item name="YB" rev="146">
<attrib name="value" value="3"/></item>
<item name="YQ" rev="146">
<attrib name="value" value="17"/></item>
</group>
<group name="SLICEL_F6MUX">
<item name="0" rev="146">
<attrib name="value" value="3"/></item>
<item name="1" rev="146">
<attrib name="value" value="3"/></item>
<item name="OUT" rev="146">
<attrib name="value" value="3"/></item>
<item name="S0" rev="146">
<attrib name="value" value="3"/></item>
</group>
<group name="RAMB16">
<item name="ADDRA0" rev="146">
<attrib name="value" value="2"/></item>
<item name="ADDRA1" rev="146">
<attrib name="value" value="2"/></item>
<item name="ADDRA10" rev="146">
<attrib name="value" value="2"/></item>
<item name="ADDRA11" rev="146">
<attrib name="value" value="2"/></item>
<item name="ADDRA12" rev="146">
<attrib name="value" value="2"/></item>
<item name="ADDRA13" rev="146">
<attrib name="value" value="2"/></item>
<item name="ADDRA2" rev="146">
<attrib name="value" value="2"/></item>
<item name="ADDRA3" rev="146">
<attrib name="value" value="2"/></item>
<item name="ADDRA4" rev="146">
<attrib name="value" value="2"/></item>
<item name="ADDRA5" rev="146">
<attrib name="value" value="2"/></item>
<item name="ADDRA6" rev="146">
<attrib name="value" value="2"/></item>
<item name="ADDRA7" rev="146">
<attrib name="value" value="2"/></item>
<item name="ADDRA8" rev="146">
<attrib name="value" value="2"/></item>
<item name="ADDRA9" rev="146">
<attrib name="value" value="2"/></item>
<item name="ADDRB10" rev="146">
<attrib name="value" value="2"/></item>
<item name="ADDRB11" rev="146">
<attrib name="value" value="2"/></item>
<item name="ADDRB12" rev="146">
<attrib name="value" value="2"/></item>
<item name="ADDRB13" rev="146">
<attrib name="value" value="2"/></item>
<item name="ADDRB5" rev="146">
<attrib name="value" value="2"/></item>
<item name="ADDRB6" rev="146">
<attrib name="value" value="2"/></item>
<item name="ADDRB7" rev="146">
<attrib name="value" value="2"/></item>
<item name="ADDRB8" rev="146">
<attrib name="value" value="2"/></item>
<item name="ADDRB9" rev="146">
<attrib name="value" value="2"/></item>
<item name="CLKA" rev="146">
<attrib name="value" value="2"/></item>
<item name="CLKB" rev="146">
<attrib name="value" value="2"/></item>
<item name="DIA0" rev="146">
<attrib name="value" value="2"/></item>
<item name="DIB0" rev="146">
<attrib name="value" value="2"/></item>
<item name="DIB1" rev="146">
<attrib name="value" value="2"/></item>
<item name="DIB10" rev="146">
<attrib name="value" value="2"/></item>
<item name="DIB11" rev="146">
<attrib name="value" value="2"/></item>
<item name="DIB12" rev="146">
<attrib name="value" value="2"/></item>
<item name="DIB13" rev="146">
<attrib name="value" value="2"/></item>
<item name="DIB14" rev="146">
<attrib name="value" value="2"/></item>
<item name="DIB15" rev="146">
<attrib name="value" value="2"/></item>
<item name="DIB16" rev="146">
<attrib name="value" value="2"/></item>
<item name="DIB17" rev="146">
<attrib name="value" value="2"/></item>
<item name="DIB18" rev="146">
<attrib name="value" value="2"/></item>
<item name="DIB19" rev="146">
<attrib name="value" value="2"/></item>
<item name="DIB2" rev="146">
<attrib name="value" value="2"/></item>
<item name="DIB20" rev="146">
<attrib name="value" value="2"/></item>
<item name="DIB21" rev="146">
<attrib name="value" value="2"/></item>
<item name="DIB22" rev="146">
<attrib name="value" value="2"/></item>
<item name="DIB23" rev="146">
<attrib name="value" value="2"/></item>
<item name="DIB24" rev="146">
<attrib name="value" value="2"/></item>
<item name="DIB25" rev="146">
<attrib name="value" value="2"/></item>
<item name="DIB26" rev="146">
<attrib name="value" value="2"/></item>
<item name="DIB27" rev="146">
<attrib name="value" value="2"/></item>
<item name="DIB28" rev="146">
<attrib name="value" value="2"/></item>
<item name="DIB29" rev="146">
<attrib name="value" value="2"/></item>
<item name="DIB3" rev="146">
<attrib name="value" value="2"/></item>
<item name="DIB30" rev="146">
<attrib name="value" value="2"/></item>
<item name="DIB31" rev="146">
<attrib name="value" value="2"/></item>
<item name="DIB4" rev="146">
<attrib name="value" value="2"/></item>
<item name="DIB5" rev="146">
<attrib name="value" value="2"/></item>
<item name="DIB6" rev="146">
<attrib name="value" value="2"/></item>
<item name="DIB7" rev="146">
<attrib name="value" value="2"/></item>
<item name="DIB8" rev="146">
<attrib name="value" value="2"/></item>
<item name="DIB9" rev="146">
<attrib name="value" value="2"/></item>
<item name="DIPB0" rev="146">
<attrib name="value" value="2"/></item>
<item name="DIPB1" rev="146">
<attrib name="value" value="2"/></item>
<item name="DIPB2" rev="146">
<attrib name="value" value="2"/></item>
<item name="DIPB3" rev="146">
<attrib name="value" value="2"/></item>
<item name="DOA0" rev="146">
<attrib name="value" value="2"/></item>
<item name="ENA" rev="146">
<attrib name="value" value="2"/></item>
<item name="ENB" rev="146">
<attrib name="value" value="2"/></item>
<item name="SSRA" rev="146">
<attrib name="value" value="2"/></item>
<item name="SSRB" rev="146">
<attrib name="value" value="2"/></item>
<item name="WEA" rev="146">
<attrib name="value" value="2"/></item>
<item name="WEB" rev="146">
<attrib name="value" value="2"/></item>
</group>
<group name="SLICEM_GNDF">
<item name="0" rev="146">
<attrib name="value" value="7"/></item>
</group>
<group name="SLICEM_GNDG">
<item name="0" rev="146">
<attrib name="value" value="4"/></item>
</group>
<group name="IOB_OFF1">
<item name="CK" rev="40">
<attrib name="value" value="24"/></item>
<item name="D" rev="40">
<attrib name="value" value="24"/></item>
<item name="Q" rev="40">
<attrib name="value" value="24"/></item>
<item name="REV" rev="40">
<attrib name="value" value="24"/></item>
<item name="SR" rev="40">
<attrib name="value" value="24"/></item>
</group>
<group name="IOB_OUTBUF">
<item name="IN" rev="146">
<attrib name="value" value="27"/></item>
<item name="OUT" rev="146">
<attrib name="value" value="27"/></item>
</group>
<group name="BSCAN">
<item name="DRCK1" rev="146">
<attrib name="value" value="1"/></item>
<item name="SEL1" rev="146">
<attrib name="value" value="1"/></item>
<item name="SHIFT" rev="146">
<attrib name="value" value="1"/></item>
<item name="TDI" rev="146">
<attrib name="value" value="1"/></item>
<item name="TDO1" rev="146">
<attrib name="value" value="1"/></item>
<item name="TDO2" rev="146">
<attrib name="value" value="1"/></item>
<item name="UPDATE" rev="146">
<attrib name="value" value="1"/></item>
</group>
<group name="RAMB16_RAMB16A">
<item name="ADDRA" rev="146">
<attrib name="value" value="2"/></item>
<item name="ADDRA0" rev="146">
<attrib name="value" value="2"/></item>
<item name="ADDRA1" rev="146">
<attrib name="value" value="2"/></item>
<item name="ADDRA10" rev="146">
<attrib name="value" value="2"/></item>
<item name="ADDRA11" rev="146">
<attrib name="value" value="2"/></item>
<item name="ADDRA12" rev="146">
<attrib name="value" value="2"/></item>
<item name="ADDRA13" rev="146">
<attrib name="value" value="2"/></item>
<item name="ADDRA2" rev="146">
<attrib name="value" value="2"/></item>
<item name="ADDRA3" rev="146">
<attrib name="value" value="2"/></item>
<item name="ADDRA4" rev="146">
<attrib name="value" value="2"/></item>
<item name="ADDRA5" rev="146">
<attrib name="value" value="2"/></item>
<item name="ADDRA6" rev="146">
<attrib name="value" value="2"/></item>
<item name="ADDRA7" rev="146">
<attrib name="value" value="2"/></item>
<item name="ADDRA8" rev="146">
<attrib name="value" value="2"/></item>
<item name="ADDRA9" rev="146">
<attrib name="value" value="2"/></item>
<item name="CLKA" rev="146">
<attrib name="value" value="2"/></item>
<item name="DIA" rev="146">
<attrib name="value" value="2"/></item>
<item name="DIA0" rev="146">
<attrib name="value" value="2"/></item>
<item name="DOA" rev="146">
<attrib name="value" value="2"/></item>
<item name="DOA0" rev="146">
<attrib name="value" value="2"/></item>
<item name="ENA" rev="146">
<attrib name="value" value="2"/></item>
<item name="SSRA" rev="146">
<attrib name="value" value="2"/></item>
<item name="WEA" rev="146">
<attrib name="value" value="2"/></item>
</group>
<group name="RAMB16_RAMB16B">
<item name="ADDRB" rev="146">
<attrib name="value" value="2"/></item>
<item name="ADDRB10" rev="146">
<attrib name="value" value="2"/></item>
<item name="ADDRB11" rev="146">
<attrib name="value" value="2"/></item>
<item name="ADDRB12" rev="146">
<attrib name="value" value="2"/></item>
<item name="ADDRB13" rev="146">
<attrib name="value" value="2"/></item>
<item name="ADDRB5" rev="146">
<attrib name="value" value="2"/></item>
<item name="ADDRB6" rev="146">
<attrib name="value" value="2"/></item>
<item name="ADDRB7" rev="146">
<attrib name="value" value="2"/></item>
<item name="ADDRB8" rev="146">
<attrib name="value" value="2"/></item>
<item name="ADDRB9" rev="146">
<attrib name="value" value="2"/></item>
<item name="CLKB" rev="146">
<attrib name="value" value="2"/></item>
<item name="DIB" rev="146">
<attrib name="value" value="2"/></item>
<item name="DIB0" rev="146">
<attrib name="value" value="2"/></item>
<item name="DIB1" rev="146">
<attrib name="value" value="2"/></item>
<item name="DIB10" rev="146">
<attrib name="value" value="2"/></item>
<item name="DIB11" rev="146">
<attrib name="value" value="2"/></item>
<item name="DIB12" rev="146">
<attrib name="value" value="2"/></item>
<item name="DIB13" rev="146">
<attrib name="value" value="2"/></item>
<item name="DIB14" rev="146">
<attrib name="value" value="2"/></item>
<item name="DIB15" rev="146">
<attrib name="value" value="2"/></item>
<item name="DIB16" rev="146">
<attrib name="value" value="2"/></item>
<item name="DIB17" rev="146">
<attrib name="value" value="2"/></item>
<item name="DIB18" rev="146">
<attrib name="value" value="2"/></item>
<item name="DIB19" rev="146">
<attrib name="value" value="2"/></item>
<item name="DIB2" rev="146">
<attrib name="value" value="2"/></item>
<item name="DIB20" rev="146">
<attrib name="value" value="2"/></item>
<item name="DIB21" rev="146">
<attrib name="value" value="2"/></item>
<item name="DIB22" rev="146">
<attrib name="value" value="2"/></item>
<item name="DIB23" rev="146">
<attrib name="value" value="2"/></item>
<item name="DIB24" rev="146">
<attrib name="value" value="2"/></item>
<item name="DIB25" rev="146">
<attrib name="value" value="2"/></item>
<item name="DIB26" rev="146">
<attrib name="value" value="2"/></item>
<item name="DIB27" rev="146">
<attrib name="value" value="2"/></item>
<item name="DIB28" rev="146">
<attrib name="value" value="2"/></item>
<item name="DIB29" rev="146">
<attrib name="value" value="2"/></item>
<item name="DIB3" rev="146">
<attrib name="value" value="2"/></item>
<item name="DIB30" rev="146">
<attrib name="value" value="2"/></item>
<item name="DIB31" rev="146">
<attrib name="value" value="2"/></item>
<item name="DIB4" rev="146">
<attrib name="value" value="2"/></item>
<item name="DIB5" rev="146">
<attrib name="value" value="2"/></item>
<item name="DIB6" rev="146">
<attrib name="value" value="2"/></item>
<item name="DIB7" rev="146">
<attrib name="value" value="2"/></item>
<item name="DIB8" rev="146">
<attrib name="value" value="2"/></item>
<item name="DIB9" rev="146">
<attrib name="value" value="2"/></item>
<item name="DIPB0" rev="146">
<attrib name="value" value="2"/></item>
<item name="DIPB1" rev="146">
<attrib name="value" value="2"/></item>
<item name="DIPB2" rev="146">
<attrib name="value" value="2"/></item>
<item name="DIPB3" rev="146">
<attrib name="value" value="2"/></item>
<item name="DOB" rev="146">
<attrib name="value" value="2"/></item>
<item name="ENB" rev="146">
<attrib name="value" value="2"/></item>
<item name="SSRB" rev="146">
<attrib name="value" value="2"/></item>
<item name="WEB" rev="146">
<attrib name="value" value="2"/></item>
</group>
<group name="IBUF">
<item name="I" rev="146">
<attrib name="value" value="5"/></item>
<item name="PAD" rev="146">
<attrib name="value" value="5"/></item>
</group>
<group name="SLICEM_F5MUX">
<item name="F" rev="146">
<attrib name="value" value="17"/></item>
<item name="G" rev="146">
<attrib name="value" value="17"/></item>
<item name="OUT" rev="146">
<attrib name="value" value="17"/></item>
<item name="S0" rev="146">
<attrib name="value" value="17"/></item>
</group>
<group name="SLICEL_C2VDD">
<item name="1" rev="146">
<attrib name="value" value="27"/></item>
</group>
<group name="SLICEL_XORF">
<item name="0" rev="146">
<attrib name="value" value="90"/></item>
<item name="1" rev="146">
<attrib name="value" value="90"/></item>
<item name="O" rev="146">
<attrib name="value" value="90"/></item>
</group>
<group name="SLICEL_FFX">
<item name="CE" rev="146">
<attrib name="value" value="64"/></item>
<item name="CK" rev="146">
<attrib name="value" value="111"/></item>
<item name="D" rev="146">
<attrib name="value" value="111"/></item>
<item name="Q" rev="146">
<attrib name="value" value="111"/></item>
<item name="REV" rev="146">
<attrib name="value" value="4"/></item>
<item name="SR" rev="146">
<attrib name="value" value="69"/></item>
</group>
<group name="SLICEL_FFY">
<item name="CE" rev="146">
<attrib name="value" value="65"/></item>
<item name="CK" rev="146">
<attrib name="value" value="174"/></item>
<item name="D" rev="146">
<attrib name="value" value="174"/></item>
<item name="Q" rev="146">
<attrib name="value" value="174"/></item>
<item name="REV" rev="146">
<attrib name="value" value="1"/></item>
<item name="SR" rev="146">
<attrib name="value" value="105"/></item>
</group>
<group name="SLICEL_XORG">
<item name="0" rev="146">
<attrib name="value" value="79"/></item>
<item name="1" rev="146">
<attrib name="value" value="79"/></item>
<item name="O" rev="146">
<attrib name="value" value="79"/></item>
</group>
<group name="BUFGMUX_GCLKMUX">
<item name="I0" rev="146">
<attrib name="value" value="3"/></item>
<item name="OUT" rev="146">
<attrib name="value" value="3"/></item>
<item name="S" rev="146">
<attrib name="value" value="3"/></item>
</group>
<group name="SLICEL_F5MUX">
<item name="F" rev="146">
<attrib name="value" value="23"/></item>
<item name="G" rev="146">
<attrib name="value" value="23"/></item>
<item name="OUT" rev="146">
<attrib name="value" value="23"/></item>
<item name="S0" rev="146">
<attrib name="value" value="23"/></item>
</group>
<group name="BSCAN_BSCAN_BLACKBOX">
<item name="DRCK1" rev="146">
<attrib name="value" value="1"/></item>
<item name="SEL1" rev="146">
<attrib name="value" value="1"/></item>
<item name="SHIFT" rev="146">
<attrib name="value" value="1"/></item>
<item name="TDI" rev="146">
<attrib name="value" value="1"/></item>
<item name="TDO1" rev="146">
<attrib name="value" value="1"/></item>
<item name="TDO2" rev="146">
<attrib name="value" value="1"/></item>
<item name="UPDATE" rev="146">
<attrib name="value" value="1"/></item>
</group>
<group name="SLICEM_VDDG">
<item name="1" rev="146">
<attrib name="value" value="3"/></item>
</group>
<group name="SLICEM_GMC15_BLACKBOX">
<item name="MC15" rev="146">
<attrib name="value" value="27"/></item>
<item name="WS2" rev="146">
<attrib name="value" value="27"/></item>
</group>
<group name="SLICEM_XORF">
<item name="0" rev="146">
<attrib name="value" value="4"/></item>
<item name="1" rev="146">
<attrib name="value" value="4"/></item>
<item name="O" rev="146">
<attrib name="value" value="4"/></item>
</group>
<group name="SLICEM_WSGEN">
<item name="CK" rev="146">
<attrib name="value" value="44"/></item>
<item name="WE" rev="146">
<attrib name="value" value="44"/></item>
<item name="WSF" rev="146">
<attrib name="value" value="41"/></item>
<item name="WSG" rev="146">
<attrib name="value" value="44"/></item>
</group>
<group name="SLICEM_FFX">
<item name="CE" rev="146">
<attrib name="value" value="3"/></item>
<item name="CK" rev="146">
<attrib name="value" value="20"/></item>
<item name="D" rev="146">
<attrib name="value" value="20"/></item>
<item name="Q" rev="146">
<attrib name="value" value="20"/></item>
<item name="SR" rev="146">
<attrib name="value" value="4"/></item>
</group>
<group name="SLICEM_FFY">
<item name="CK" rev="146">
<attrib name="value" value="17"/></item>
<item name="D" rev="146">
<attrib name="value" value="17"/></item>
<item name="Q" rev="146">
<attrib name="value" value="17"/></item>
</group>
<group name="IOB_PAD">
<item name="PAD" rev="146">
<attrib name="value" value="27"/></item>
</group>
<group name="SLICEM_CYMUXF">
<item name="0" rev="146">
<attrib name="value" value="7"/></item>
<item name="1" rev="146">
<attrib name="value" value="7"/></item>
<item name="OUT" rev="146">
<attrib name="value" value="7"/></item>
<item name="S0" rev="146">
<attrib name="value" value="7"/></item>
</group>
<group name="SLICEM_CYMUXG">
<item name="0" rev="146">
<attrib name="value" value="4"/></item>
<item name="1" rev="146">
<attrib name="value" value="7"/></item>
<item name="OUT" rev="146">
<attrib name="value" value="7"/></item>
<item name="S0" rev="146">
<attrib name="value" value="7"/></item>
</group>
<group name="IOB">
<item name="O1" rev="146">
<attrib name="value" value="27"/></item>
<item name="PAD" rev="146">
<attrib name="value" value="27"/></item>
</group>
<group name="SLICEL_C1VDD">
<item name="1" rev="146">
<attrib name="value" value="23"/></item>
</group>
<group name="BUFGMUX">
<item name="I0" rev="146">
<attrib name="value" value="3"/></item>
<item name="O" rev="146">
<attrib name="value" value="3"/></item>
<item name="S" rev="146">
<attrib name="value" value="3"/></item>
</group>
<group name="SLICEM_YBUSED">
<item name="0" rev="146">
<attrib name="value" value="3"/></item>
<item name="OUT" rev="146">
<attrib name="value" value="3"/></item>
</group>
<group name="SLICEL_F">
<item name="A1" rev="146">
<attrib name="value" value="357"/></item>
<item name="A2" rev="146">
<attrib name="value" value="304"/></item>
<item name="A3" rev="146">
<attrib name="value" value="203"/></item>
<item name="A4" rev="146">
<attrib name="value" value="147"/></item>
<item name="D" rev="146">
<attrib name="value" value="360"/></item>
</group>
<group name="SLICEL_G">
<item name="A1" rev="146">
<attrib name="value" value="349"/></item>
<item name="A2" rev="146">
<attrib name="value" value="297"/></item>
<item name="A3" rev="146">
<attrib name="value" value="198"/></item>
<item name="A4" rev="146">
<attrib name="value" value="151"/></item>
<item name="D" rev="146">
<attrib name="value" value="352"/></item>
</group>
<group name="RAMB16_RAMB16">
<item name="ADDRA" rev="146">
<attrib name="value" value="2"/></item>
<item name="ADDRB" rev="146">
<attrib name="value" value="2"/></item>
<item name="DIA" rev="146">
<attrib name="value" value="2"/></item>
<item name="DIB" rev="146">
<attrib name="value" value="2"/></item>
<item name="DOA" rev="146">
<attrib name="value" value="2"/></item>
<item name="DOB" rev="146">
<attrib name="value" value="2"/></item>
</group>
<group name="SLICEL_GNDF">
<item name="0" rev="146">
<attrib name="value" value="56"/></item>
</group>
<group name="SLICEL_GNDG">
<item name="0" rev="146">
<attrib name="value" value="49"/></item>
</group>
</ReportPinData>
<CmdHistory>
</CmdHistory>
</DeviceUsageSummary>
